from,to,username
42366372,3012928002,bmoneymt
42366372,4761492350,bmoneymt
42366372,1332824029,bmoneymt
42366372,1285348157065498624,bmoneymt
42366372,1371571596255653888,bmoneymt
42366372,1090026759192481793,bmoneymt
42366372,957699817408532485,bmoneymt
42366372,533902952,bmoneymt
42366372,16799896,bmoneymt
42366372,1144671339044855811,bmoneymt
917815101557747712,1033320534,consp_theor
917815101557747712,2531921954,consp_theor
917815101557747712,2515020534,consp_theor
917815101557747712,838809283517116416,consp_theor
917815101557747712,2532089439,consp_theor
917815101557747712,748614247924510720,consp_theor
917815101557747712,4761542600,consp_theor
917815101557747712,2346479149,consp_theor
917815101557747712,876764052256698370,consp_theor
917815101557747712,1505482800669118468,consp_theor
1176156151894958080,1438530020968914946,UKR26019148
1176156151894958080,931297575327666176,UKR26019148
1176156151894958080,1547062171921797120,UKR26019148
1176156151894958080,1129684169771110405,UKR26019148
1176156151894958080,1167093350031417344,UKR26019148
1176156151894958080,3309544293,UKR26019148
1176156151894958080,2812995373,UKR26019148
1176156151894958080,976140860562857985,UKR26019148
1176156151894958080,713786400076873728,UKR26019148
1176156151894958080,968979064739557376,UKR26019148
1377921304729432064,575961198,JanekMazurek
1377921304729432064,893555243715317760,JanekMazurek
1377921304729432064,1237364620022685697,JanekMazurek
1377921304729432064,1443554126554619910,JanekMazurek
1377921304729432064,1406079857344225283,JanekMazurek
1377921304729432064,1029318776,JanekMazurek
1377921304729432064,145219743,JanekMazurek
1377921304729432064,1709516838,JanekMazurek
1377921304729432064,1389507922653294592,JanekMazurek
1377921304729432064,635670092,JanekMazurek
1031664169202925568,2857601952,YulawGabriel
1031664169202925568,1460294986885480448,YulawGabriel
1031664169202925568,1450534349229658114,YulawGabriel
1031664169202925568,1511991208960274433,YulawGabriel
1031664169202925568,1290152461,YulawGabriel
1031664169202925568,904301138513682432,YulawGabriel
1031664169202925568,1530354685957181440,YulawGabriel
1031664169202925568,2510572458,YulawGabriel
1031664169202925568,1059685116,YulawGabriel
1031664169202925568,2485727665,YulawGabriel
1317452576028348416,1240616653920051200,jjkejntwtch
1317452576028348416,1592130357498941440,jjkejntwtch
1317452576028348416,1242787084848504836,jjkejntwtch
1317452576028348416,866523171691909120,jjkejntwtch
1317452576028348416,1273153225257111562,jjkejntwtch
1317452576028348416,1331354480160411649,jjkejntwtch
1317452576028348416,1480626343859605517,jjkejntwtch
1317452576028348416,1267392388856598528,jjkejntwtch
1317452576028348416,1291205000933376000,jjkejntwtch
1317452576028348416,2794948899,jjkejntwtch
1589735560880754688,717763371,stallio81899962
1589735560880754688,1576673059146289156,stallio81899962
1589735560880754688,795784354177961984,stallio81899962
1589735560880754688,1307743511391936512,stallio81899962
1589735560880754688,1594108356276404224,stallio81899962
1589735560880754688,1594434353722966017,stallio81899962
1589735560880754688,1281312250662457345,stallio81899962
1589735560880754688,1598339305453256708,stallio81899962
1589735560880754688,1577355333667799057,stallio81899962
1589735560880754688,1578312593202040832,stallio81899962
57411965,1330560400044085249,beaufast
57411965,91927783,beaufast
57411965,17059635,beaufast
57411965,364017466,beaufast
57411965,36095810,beaufast
57411965,2429215874,beaufast
57411965,1241814162,beaufast
57411965,3042402394,beaufast
57411965,1332824029,beaufast
57411965,78105431,beaufast
1576310318661353474,1493296030342811649,uzzy790123
1576310318661353474,1508337392972812290,uzzy790123
1576310318661353474,1279754572664356866,uzzy790123
1576310318661353474,1491118203598213125,uzzy790123
1576310318661353474,1350035847089950721,uzzy790123
1576310318661353474,1455925955357143049,uzzy790123
1576310318661353474,1481255884785434626,uzzy790123
1576310318661353474,1163340587233423360,uzzy790123
1576310318661353474,875502477780680704,uzzy790123
1576310318661353474,1113726585373437952,uzzy790123
1002326421933469697,999912626866896897,nourrrrrr_1
1002326421933469697,795198554209980418,nourrrrrr_1
1002326421933469697,1580075913068171264,nourrrrrr_1
1002326421933469697,1480613254787391495,nourrrrrr_1
1002326421933469697,1577623158839975939,nourrrrrr_1
1002326421933469697,3379619788,nourrrrrr_1
1002326421933469697,1268545611407777793,nourrrrrr_1
1002326421933469697,1081111043877756928,nourrrrrr_1
1002326421933469697,192024890,nourrrrrr_1
1002326421933469697,1544217149195145216,nourrrrrr_1
538476420,1571523979399012354,BruceWillisUA
538476420,1329014172986781696,BruceWillisUA
538476420,1575554564824219648,BruceWillisUA
538476420,821218554590597120,BruceWillisUA
538476420,1459840557983879172,BruceWillisUA
538476420,1031664169202925568,BruceWillisUA
538476420,917815101557747712,BruceWillisUA
538476420,2532317107,BruceWillisUA
538476420,1535948700803280899,BruceWillisUA
538476420,1497212084534321154,BruceWillisUA
159485327,62872252,nsfnorman
159485327,2742714185,nsfnorman
159485327,57702733,nsfnorman
159485327,608287132,nsfnorman
159485327,1262878194,nsfnorman
159485327,2511532104,nsfnorman
159485327,1418094486035435521,nsfnorman
159485327,364374453,nsfnorman
159485327,252268342,nsfnorman
159485327,352832510,nsfnorman
2657541955,712743593530626049,CSTXPolice
2657541955,3043625653,CSTXPolice
2657541955,1379970162443571202,CSTXPolice
2657541955,1031700803348779010,CSTXPolice
2657541955,3219399385,CSTXPolice
2657541955,334391390,CSTXPolice
2657541955,149123003,CSTXPolice
2657541955,1240720036643430403,CSTXPolice
2657541955,615143120,CSTXPolice
2657541955,2832215868,CSTXPolice
46845373,985508606845095937,BrentZwerneman
46845373,1402641411036651524,BrentZwerneman
46845373,44450119,BrentZwerneman
46845373,1518961946787254274,BrentZwerneman
46845373,1489477817779773442,BrentZwerneman
46845373,162383284,BrentZwerneman
46845373,1348848804561375234,BrentZwerneman
46845373,952628690474754048,BrentZwerneman
46845373,328759670,BrentZwerneman
46845373,1596916810607116288,BrentZwerneman
619583443,331419281,katlyn_neel20
619583443,751226559726399488,katlyn_neel20
619583443,3221455446,katlyn_neel20
619583443,2311531669,katlyn_neel20
619583443,2350589676,katlyn_neel20
619583443,724870334,katlyn_neel20
619583443,603328708,katlyn_neel20
619583443,1447508226,katlyn_neel20
619583443,1942379053,katlyn_neel20
619583443,3870224178,katlyn_neel20
22551804,1891011361,msykesphoto
22551804,1326309517,msykesphoto
22551804,1242622111,msykesphoto
22551804,3007417446,msykesphoto
22551804,239101082,msykesphoto
22551804,2351969934,msykesphoto
22551804,1564169965,msykesphoto
22551804,2248244882,msykesphoto
22551804,16292883,msykesphoto
22551804,701245585,msykesphoto
26190158,331102821,mgpeters23
26190158,1042800124773261312,mgpeters23
26190158,2218775166,mgpeters23
26190158,1153466657827897344,mgpeters23
26190158,2778648114,mgpeters23
26190158,2724697735,mgpeters23
26190158,961037140170870784,mgpeters23
26190158,979287062,mgpeters23
26190158,768964572199866368,mgpeters23
26190158,1152272539,mgpeters23
4226905873,80942381,swamptails15
4226905873,149642236,swamptails15
4226905873,309868594,swamptails15
4226905873,2245042986,swamptails15
4226905873,809386825,swamptails15
4226905873,4907955372,swamptails15
4226905873,2815294326,swamptails15
4226905873,29441663,swamptails15
4226905873,37134997,swamptails15
4226905873,271618923,swamptails15
703561088,23532717,Warx2TheMovie
703561088,147371006,Warx2TheMovie
703561088,24443129,Warx2TheMovie
703561088,1289441677,Warx2TheMovie
703561088,267976756,Warx2TheMovie
703561088,755654785,Warx2TheMovie
703561088,882123186787274752,Warx2TheMovie
703561088,31276403,Warx2TheMovie
703561088,3430780559,Warx2TheMovie
703561088,3287895252,Warx2TheMovie
16058600,196655159,samhwhite
16058600,788202055814885377,samhwhite
16058600,2298857646,samhwhite
16058600,17832628,samhwhite
16058600,15770852,samhwhite
16058600,1063922257,samhwhite
16058600,606045422,samhwhite
16058600,1008049456686796800,samhwhite
16058600,4411177093,samhwhite
16058600,331872893,samhwhite
146623883,1458563664,Knooch21
146623883,479181526,Knooch21
146623883,1850077046,Knooch21
146623883,323861505,Knooch21
146623883,1559212068481470464,Knooch21
146623883,2272193310,Knooch21
146623883,1549560724283875328,Knooch21
146623883,316126656,Knooch21
146623883,16131748,Knooch21
146623883,2603554405,Knooch21
952212548,3218781456,hecsantiago53
952212548,29582784,hecsantiago53
952212548,751516093521342465,hecsantiago53
952212548,902755081,hecsantiago53
952212548,833197212385628161,hecsantiago53
952212548,934852333984288768,hecsantiago53
952212548,829862616784859137,hecsantiago53
952212548,710993107773485056,hecsantiago53
952212548,953496917534822400,hecsantiago53
952212548,824785835446919168,hecsantiago53
705926906,1540635271506567168,goldmedalmind
705926906,1883571384,goldmedalmind
705926906,1290503569838206977,goldmedalmind
705926906,170883202,goldmedalmind
705926906,1467558634225872898,goldmedalmind
705926906,1460780339958194178,goldmedalmind
705926906,1573334490948190210,goldmedalmind
705926906,1520239246552010754,goldmedalmind
705926906,1273509680,goldmedalmind
705926906,718270093449371650,goldmedalmind
2843160670,626640780,grizmont1
2843160670,42366372,grizmont1
2843160670,23174769,grizmont1
2843160670,2838195223,grizmont1
17349381,1518703927415304192,frfrankpavone
17349381,1522712413925216256,frfrankpavone
17349381,1586172066037993472,frfrankpavone
17349381,1087160297373224960,frfrankpavone
17349381,1585665370463035400,frfrankpavone
17349381,347492228,frfrankpavone
17349381,1579251795762749441,frfrankpavone
17349381,1497730989329629187,frfrankpavone
17349381,1519411390989045760,frfrankpavone
17349381,101426536,frfrankpavone
79592078,424349723,LesaLesa_MV
79592078,341651908,LesaLesa_MV
79592078,2452201177,LesaLesa_MV
79592078,3320815530,LesaLesa_MV
79592078,393001232,LesaLesa_MV
79592078,71678137,LesaLesa_MV
79592078,82982112,LesaLesa_MV
79592078,2864090177,LesaLesa_MV
79592078,348165065,LesaLesa_MV
79592078,1579898822,LesaLesa_MV
506699811,350864821,zach_olstad
506699811,496167729,zach_olstad
506699811,1240317905218273280,zach_olstad
506699811,3339301940,zach_olstad
506699811,1461499073874305030,zach_olstad
506699811,818671908,zach_olstad
506699811,133357344,zach_olstad
506699811,187383529,zach_olstad
506699811,394336201,zach_olstad
506699811,1177284810173292544,zach_olstad
819148099671179264,1046298608172175360,RajanS32812221
819148099671179264,3233984472,RajanS32812221
819148099671179264,750539579707494401,RajanS32812221
819148099671179264,819014233975386113,RajanS32812221
819148099671179264,817713431826534400,RajanS32812221
819148099671179264,4374589514,RajanS32812221
35461308,146147222,SlimTwin
35461308,1093156955856744449,SlimTwin
35461308,28481808,SlimTwin
35461308,820774311069773825,SlimTwin
35461308,43590588,SlimTwin
35461308,176509919,SlimTwin
35461308,246930455,SlimTwin
35461308,48564820,SlimTwin
35461308,15600386,SlimTwin
35461308,858793986,SlimTwin
1564676498,1223436311509340161,LovelyGigi33
1564676498,852552352032845824,LovelyGigi33
1564676498,145961803,LovelyGigi33
1564676498,1519874746988572675,LovelyGigi33
1564676498,1523940334891319296,LovelyGigi33
1564676498,1599757430,LovelyGigi33
1564676498,1519502894768091137,LovelyGigi33
1564676498,1313659907686580224,LovelyGigi33
1564676498,1548842439489818624,LovelyGigi33
1564676498,756510237188841472,LovelyGigi33
1491066641597276164,1576310318661353474,mohamed48767775
1491066641597276164,1002326421933469697,mohamed48767775
29139065,4714688474,twntysvnfrvr
29139065,572844791,twntysvnfrvr
29139065,2935041720,twntysvnfrvr
29139065,2188036204,twntysvnfrvr
29139065,1573577648,twntysvnfrvr
29139065,79302058,twntysvnfrvr
29139065,476255511,twntysvnfrvr
29139065,1556954334,twntysvnfrvr
29139065,335175327,twntysvnfrvr
29139065,888070334,twntysvnfrvr
741013820282376197,769256949326221312,whitebans
741013820282376197,717445795,whitebans
741013820282376197,805863393483784192,whitebans
741013820282376197,85379482,whitebans
741013820282376197,742082863483498497,whitebans
741013820282376197,2979299607,whitebans
741013820282376197,862666934,whitebans
741013820282376197,793693359722274816,whitebans
741013820282376197,634189977,whitebans
741013820282376197,754944837246328832,whitebans
758452421962129409,879957381391818752,laryssa_danyell
758452421962129409,886722614617665537,laryssa_danyell
758452421962129409,345536325,laryssa_danyell
758452421962129409,2764874216,laryssa_danyell
758452421962129409,838113273056739332,laryssa_danyell
758452421962129409,2303407326,laryssa_danyell
758452421962129409,4908491518,laryssa_danyell
758452421962129409,730081021798932482,laryssa_danyell
758452421962129409,287386845,laryssa_danyell
758452421962129409,3368666740,laryssa_danyell
985020505924124672,990494644176936960,InferiusMusic
985020505924124672,1143845713597620224,InferiusMusic
985020505924124672,833134338875105281,InferiusMusic
985020505924124672,846251522560163840,InferiusMusic
985020505924124672,991364351213830144,InferiusMusic
985020505924124672,2422757688,InferiusMusic
985020505924124672,418539948,InferiusMusic
985020505924124672,985133756376801281,InferiusMusic
985020505924124672,328298438,InferiusMusic
985020505924124672,989417935251832832,InferiusMusic
894136643497545728,513848329,BUTTERFLYSEASN
894136643497545728,1123306458777440258,BUTTERFLYSEASN
894136643497545728,1522956636,BUTTERFLYSEASN
894136643497545728,771891392130015246,BUTTERFLYSEASN
894136643497545728,1418856059490426880,BUTTERFLYSEASN
894136643497545728,298850867,BUTTERFLYSEASN
894136643497545728,898391923597213697,BUTTERFLYSEASN
894136643497545728,886427484844994560,BUTTERFLYSEASN
894136643497545728,1209270550113214464,BUTTERFLYSEASN
894136643497545728,739690912150736896,BUTTERFLYSEASN
41066441,2884748314,teamcheeheaux
41066441,1389674873505603591,teamcheeheaux
41066441,1507781903167991811,teamcheeheaux
41066441,1458510024045699074,teamcheeheaux
41066441,1444229339709648905,teamcheeheaux
41066441,1452040420666523652,teamcheeheaux
41066441,414319220,teamcheeheaux
41066441,1233927865177124866,teamcheeheaux
41066441,2843700880,teamcheeheaux
41066441,1416973954581999618,teamcheeheaux
781313143607857152,3044768854,TrapSznII
781313143607857152,807293704939667457,TrapSznII
781313143607857152,867599798450442240,TrapSznII
781313143607857152,768555160062795776,TrapSznII
781313143607857152,17984489,TrapSznII
781313143607857152,1082091110326026240,TrapSznII
781313143607857152,765749143474233345,TrapSznII
781313143607857152,769244878404399105,TrapSznII
781313143607857152,2246492865,TrapSznII
781313143607857152,291465906,TrapSznII
706661924746956801,1240917956516704256,ericalogannn
706661924746956801,725113318030098435,ericalogannn
706661924746956801,1611901896,ericalogannn
706661924746956801,158766524,ericalogannn
706661924746956801,3310024024,ericalogannn
706661924746956801,731462508,ericalogannn
706661924746956801,3529022596,ericalogannn
706661924746956801,3422926919,ericalogannn
706661924746956801,1078314096037191684,ericalogannn
706661924746956801,1266978251949383681,ericalogannn
890050403370496001,2278316651,kkarladurannn
890050403370496001,939967058778865664,kkarladurannn
890050403370496001,901796068379131904,kkarladurannn
890050403370496001,2899833506,kkarladurannn
890050403370496001,771876611486523392,kkarladurannn
890050403370496001,378469394,kkarladurannn
890050403370496001,2200585711,kkarladurannn
890050403370496001,977717913267220480,kkarladurannn
890050403370496001,946342002370732032,kkarladurannn
890050403370496001,911795373685035008,kkarladurannn
2763042694,1215943832,helen63lambert
2763042694,219266194,helen63lambert
2763042694,424178766,helen63lambert
2763042694,1298479236,helen63lambert
2763042694,1260508932801511424,helen63lambert
2763042694,533331937,helen63lambert
2763042694,978063806491488256,helen63lambert
2763042694,1553999668891328513,helen63lambert
2763042694,498135407,helen63lambert
2763042694,982795405,helen63lambert
1449684212286726144,1266340110158749696,R48030777Sharon
1449684212286726144,30267704,R48030777Sharon
1449684212286726144,945760285771599872,R48030777Sharon
1449684212286726144,1167177277744001024,R48030777Sharon
1449684212286726144,1449302062081138692,R48030777Sharon
1449684212286726144,744273182434201600,R48030777Sharon
1449684212286726144,3109709890,R48030777Sharon
1449684212286726144,1386964028237492226,R48030777Sharon
1449684212286726144,494896017,R48030777Sharon
1449684212286726144,321910185,R48030777Sharon
1336770590842232832,1538946532187176960,TheTiverton
1336770590842232832,1524126063806365696,TheTiverton
1336770590842232832,1492532738,TheTiverton
1336770590842232832,1310964012457353216,TheTiverton
1336770590842232832,20582755,TheTiverton
1336770590842232832,4904754232,TheTiverton
1336770590842232832,753933904751525888,TheTiverton
1336770590842232832,123773547,TheTiverton
1336770590842232832,619460810,TheTiverton
1336770590842232832,1302957720023302144,TheTiverton
16948558,1457731013300432898,Crockadial
16948558,26335316,Crockadial
16948558,626293590,Crockadial
16948558,20977851,Crockadial
16948558,935248729,Crockadial
16948558,24953956,Crockadial
16948558,1517218596547608577,Crockadial
16948558,1239975147689345028,Crockadial
16948558,531723906,Crockadial
16948558,1424700536255811585,Crockadial
1166627251,4228189590,CoastKerry
1166627251,29663494,CoastKerry
1166627251,327025421,CoastKerry
1166627251,1537065091459432450,CoastKerry
1166627251,1346350202,CoastKerry
1166627251,281546632,CoastKerry
1166627251,404116519,CoastKerry
1166627251,1324146226124754945,CoastKerry
1166627251,884725084371521536,CoastKerry
1166627251,1017178987976712192,CoastKerry
4598307626,1520519105081749507,Oggyoioioi
4598307626,53761453,Oggyoioioi
4598307626,1587515099899650048,Oggyoioioi
4598307626,1542240594436710400,Oggyoioioi
4598307626,1490807539923136520,Oggyoioioi
4598307626,935774957430366208,Oggyoioioi
4598307626,86024141,Oggyoioioi
4598307626,1006028304,Oggyoioioi
4598307626,86577984,Oggyoioioi
4598307626,1697622097,Oggyoioioi
22702802,1270307052099899404,janenellist1
22702802,46191238,janenellist1
22702802,207542920,janenellist1
22702802,3481662195,janenellist1
22702802,55795096,janenellist1
22702802,20775659,janenellist1
22702802,1937114809,janenellist1
22702802,168777538,janenellist1
22702802,322821777,janenellist1
22702802,46618943,janenellist1
724186680,89764783,megs1970
724186680,420496136,megs1970
724186680,877321518,megs1970
724186680,1546460234,megs1970
724186680,105136137,megs1970
724186680,1545013906808209408,megs1970
724186680,32980594,megs1970
724186680,194288976,megs1970
724186680,847550380300959744,megs1970
724186680,2264174787,megs1970
1248257768622043136,1277878776878133248,SaraFaridio
1248257768622043136,4252017616,SaraFaridio
1248257768622043136,1216566470,SaraFaridio
1248257768622043136,1691903732,SaraFaridio
1248257768622043136,1149673716760141824,SaraFaridio
1248257768622043136,170800435,SaraFaridio
1248257768622043136,1301344281236516866,SaraFaridio
1248257768622043136,3287155027,SaraFaridio
1248257768622043136,1026915552080666625,SaraFaridio
1248257768622043136,1268661905071075328,SaraFaridio
1555810962338451456,1534420257514721280,Fatimay5r
1555810962338451456,2975736610,Fatimay5r
1555810962338451456,1315323725752021002,Fatimay5r
1555810962338451456,1556279751953858564,Fatimay5r
1555810962338451456,1494333452962856968,Fatimay5r
1555810962338451456,1126888972632850432,Fatimay5r
1555810962338451456,1730862355,Fatimay5r
1555810962338451456,781161447757844480,Fatimay5r
1555810962338451456,1352174240,Fatimay5r
1555810962338451456,1443824788686868480,Fatimay5r
282695161,1595791861960118272,WayneDupreeShow
282695161,1589442140865789954,WayneDupreeShow
282695161,1520490662377967623,WayneDupreeShow
282695161,1593799309300039681,WayneDupreeShow
282695161,760341821880954880,WayneDupreeShow
282695161,1599060054434631681,WayneDupreeShow
282695161,1530639655791538176,WayneDupreeShow
282695161,1466106373167583233,WayneDupreeShow
282695161,1585955213575213057,WayneDupreeShow
282695161,1108207380532260865,WayneDupreeShow
1322519039869128705,1303084537132523524,FouyerSarah
1322519039869128705,1332835833741799424,FouyerSarah
1322519039869128705,763129855638724608,FouyerSarah
1322519039869128705,53003701,FouyerSarah
1322519039869128705,873256308660719617,FouyerSarah
1322519039869128705,2219830116,FouyerSarah
1322519039869128705,1142158529933062149,FouyerSarah
1322519039869128705,2817699216,FouyerSarah
1322519039869128705,1384188239922167818,FouyerSarah
1322519039869128705,936588668348792835,FouyerSarah
993951462,2418437128,ts_fitzgerald
993951462,2348120947,ts_fitzgerald
993951462,23519828,ts_fitzgerald
993951462,2538380756,ts_fitzgerald
993951462,245542581,ts_fitzgerald
993951462,1084969165,ts_fitzgerald
993951462,2453331476,ts_fitzgerald
993951462,2367288038,ts_fitzgerald
993951462,24773762,ts_fitzgerald
993951462,2439898146,ts_fitzgerald
906620078,879370869218344961,iSheeple1
906620078,825532906642759680,iSheeple1
906620078,737227180174872576,iSheeple1
906620078,4779041236,iSheeple1
906620078,772002019,iSheeple1
906620078,976545559816343552,iSheeple1
906620078,2557709024,iSheeple1
906620078,715396100601974784,iSheeple1
906620078,2567273726,iSheeple1
906620078,745483204916715520,iSheeple1
2516595448,2705610376,gunmaster0702
2516595448,2867727247,gunmaster0702
2516595448,3599701335,gunmaster0702
2516595448,971528527,gunmaster0702
2516595448,1963619348,gunmaster0702
2516595448,187959550,gunmaster0702
2516595448,2719729454,gunmaster0702
2516595448,2858886167,gunmaster0702
2516595448,1099036506,gunmaster0702
2516595448,255289631,gunmaster0702
905019768,50193076,Conservatexian
905019768,478304839,Conservatexian
905019768,2575014439,Conservatexian
905019768,2940277399,Conservatexian
905019768,932397928538431488,Conservatexian
905019768,3355183072,Conservatexian
905019768,913037038080942080,Conservatexian
905019768,866832572839596033,Conservatexian
905019768,988538344656293889,Conservatexian
905019768,912111584167825408,Conservatexian
1913398494,69483012,charlesfarling1
1913398494,1400905896,charlesfarling1
1913398494,26359263,charlesfarling1
1913398494,480933566,charlesfarling1
1913398494,1123787442,charlesfarling1
1913398494,1952911368,charlesfarling1
1913398494,579221658,charlesfarling1
1913398494,1256131862,charlesfarling1
1913398494,1535146375,charlesfarling1
1913398494,751214924,charlesfarling1
161925737,32642412,stoopnagle
161925737,2206097024,stoopnagle
161925737,31410188,stoopnagle
161925737,21023834,stoopnagle
161925737,3014379497,stoopnagle
161925737,3068657669,stoopnagle
161925737,2886648994,stoopnagle
161925737,121958103,stoopnagle
161925737,946606730,stoopnagle
161925737,181099378,stoopnagle
14967891,700750855373508609,Dammitsf
14967891,53120039,Dammitsf
14967891,1263627210,Dammitsf
14967891,26184107,Dammitsf
14967891,3527989883,Dammitsf
14967891,813101995712192512,Dammitsf
14967891,3995294224,Dammitsf
14967891,22311903,Dammitsf
14967891,3685902734,Dammitsf
14967891,3732841097,Dammitsf
1173863707,2351969934,noonespecial47
1173863707,16058600,noonespecial47
1173863707,2564661866,noonespecial47
1173863707,4226905873,noonespecial47
1173863707,2291928703,noonespecial47
1173863707,2571545320,noonespecial47
1173863707,2777097731,noonespecial47
1173863707,1623156229,noonespecial47
1173863707,159485327,noonespecial47
1173863707,619583443,noonespecial47
1670480300,3322589771,KH_Feldkamp
1670480300,1613484804,KH_Feldkamp
1670480300,1035130881386704899,KH_Feldkamp
1670480300,126025473,KH_Feldkamp
1670480300,1530841575932276736,KH_Feldkamp
1670480300,1033559911320436739,KH_Feldkamp
1670480300,1489993920511627271,KH_Feldkamp
1670480300,1378082767783800833,KH_Feldkamp
1670480300,1258037359,KH_Feldkamp
1670480300,1564705432421257216,KH_Feldkamp
1459840557983879172,3439256663,Maks37876155
1459840557983879172,1270176396304740352,Maks37876155
1301815916091650048,2570179352,YouAintIAint
1301815916091650048,1249863613516517377,YouAintIAint
1301815916091650048,1269725269033652231,YouAintIAint
1301815916091650048,15738333,YouAintIAint
1301815916091650048,166484062,YouAintIAint
1301815916091650048,1540344761600675842,YouAintIAint
1301815916091650048,1253554078648430592,YouAintIAint
1301815916091650048,1244363401230417920,YouAintIAint
1301815916091650048,61253364,YouAintIAint
1301815916091650048,1354925891973951490,YouAintIAint
410282970,1187358631,kelmendiorgen
410282970,1244591068462661633,kelmendiorgen
410282970,940599547876855808,kelmendiorgen
410282970,2759876626,kelmendiorgen
410282970,1555771321149161472,kelmendiorgen
410282970,1083813136703123456,kelmendiorgen
410282970,1496810350972395521,kelmendiorgen
410282970,1139604743767187457,kelmendiorgen
410282970,1221236157117235202,kelmendiorgen
410282970,1556786654186246145,kelmendiorgen
1244363401230417920,157246858,ArianitBeqiri
1244363401230417920,2354731225,ArianitBeqiri
1244363401230417920,1233195702773219328,ArianitBeqiri
1244363401230417920,1100525702988918784,ArianitBeqiri
1244363401230417920,310312607,ArianitBeqiri
1244363401230417920,924348478515564545,ArianitBeqiri
1244363401230417920,873548872609652736,ArianitBeqiri
1244363401230417920,25950847,ArianitBeqiri
1244363401230417920,1259600533050048514,ArianitBeqiri
1244363401230417920,1234809491864064000,ArianitBeqiri
1241078727242584065,1331036688,ShpendShala14
1241078727242584065,1367590567685816320,ShpendShala14
1241078727242584065,1389489801888509956,ShpendShala14
1241078727242584065,1564693182981591041,ShpendShala14
1241078727242584065,314849076,ShpendShala14
1241078727242584065,1269725269033652231,ShpendShala14
1241078727242584065,1515561762078220293,ShpendShala14
1241078727242584065,1318870112,ShpendShala14
1241078727242584065,1480881939032727554,ShpendShala14
1241078727242584065,50647749,ShpendShala14
1425414999116222466,1462846436220022785,Deaa_Lala
1425414999116222466,559872491,Deaa_Lala
1425414999116222466,1073638422324109313,Deaa_Lala
1425414999116222466,1220686419091509254,Deaa_Lala
1425414999116222466,1303438604430082050,Deaa_Lala
1425414999116222466,1561455258383024130,Deaa_Lala
1425414999116222466,1347434183317139458,Deaa_Lala
1425414999116222466,1498082050011803650,Deaa_Lala
1425414999116222466,1026864697,Deaa_Lala
1425414999116222466,1318870112,Deaa_Lala
949331877650993152,1396887726310543361,albinmatoshii
949331877650993152,1381733321617633280,albinmatoshii
949331877650993152,1155534344775184386,albinmatoshii
949331877650993152,2484042091,albinmatoshii
949331877650993152,1017936396630282241,albinmatoshii
949331877650993152,1005409350318542848,albinmatoshii
949331877650993152,1317059135167397888,albinmatoshii
949331877650993152,899757915141271552,albinmatoshii
949331877650993152,1305157767611719680,albinmatoshii
949331877650993152,1141458404994682881,albinmatoshii
1157089744578387968,1242433582292926465,gentrz
1157089744578387968,1211497110538833924,gentrz
1157089744578387968,739168244,gentrz
1157089744578387968,2609663028,gentrz
1157089744578387968,2580176563,gentrz
1157089744578387968,2193292138,gentrz
1157089744578387968,1048630630060363777,gentrz
1157089744578387968,1282958701448634372,gentrz
1157089744578387968,356475941,gentrz
1157089744578387968,166484062,gentrz
741751733299339269,1206436576533925888,afcjosie
741751733299339269,706661924746956801,afcjosie
741751733299339269,849046663104802816,afcjosie
741751733299339269,798005077243875329,afcjosie
741751733299339269,1491712310,afcjosie
741751733299339269,2899950352,afcjosie
741751733299339269,844018964179181568,afcjosie
741751733299339269,1140845961339473920,afcjosie
741751733299339269,865409921214365697,afcjosie
741751733299339269,615296357,afcjosie
490381285,457989703,raminavero
490381285,863396604,raminavero
490381285,3430721512,raminavero
490381285,980408451007418369,raminavero
490381285,524651761,raminavero
490381285,2921743805,raminavero
490381285,1416706429231243264,raminavero
490381285,719193200846630912,raminavero
490381285,404863018,raminavero
490381285,952620726309318658,raminavero
1485442941405519875,36287466,wifeofoilworker
1485442941405519875,1564143658080899073,wifeofoilworker
1485442941405519875,1554607353080778754,wifeofoilworker
1485442941405519875,873556616582373377,wifeofoilworker
1485442941405519875,52063766,wifeofoilworker
1485442941405519875,1494051173586075648,wifeofoilworker
1485442941405519875,1075411501,wifeofoilworker
1485442941405519875,238487374,wifeofoilworker
1485442941405519875,1408600813837115393,wifeofoilworker
1485442941405519875,1479884799653330952,wifeofoilworker
1598006810434117632,1590010456860663809,TdubTimW
1598006810434117632,1574366206596943873,TdubTimW
1598006810434117632,1535162921717796864,TdubTimW
1598006810434117632,1510639099346137093,TdubTimW
1598006810434117632,1529848401814339585,TdubTimW
1598006810434117632,1507722375898746887,TdubTimW
1598006810434117632,1571789488317145088,TdubTimW
1598006810434117632,1504050465671155712,TdubTimW
1597828813089427456,1586164654971256839,nevpat68
1597828813089427456,1593924733367717888,nevpat68
1597828813089427456,1570742889503678465,nevpat68
1597828813089427456,1530928305242791940,nevpat68
1597828813089427456,1480647541041643520,nevpat68
1597828813089427456,1380864517433856002,nevpat68
1597828813089427456,155629354,nevpat68
1597828813089427456,1597682741432172545,nevpat68
1597828813089427456,1588067407741845504,nevpat68
1597828813089427456,1576651517083402243,nevpat68
1585474989570101248,1445129255977984001,watchers569
1585474989570101248,1199946074,watchers569
1585474989570101248,1036577733369683968,watchers569
1585474989570101248,1500978175874109440,watchers569
1585474989570101248,2251030062,watchers569
1585474989570101248,1519763608682614791,watchers569
1585474989570101248,1585957316402225154,watchers569
1585474989570101248,1592169108983914497,watchers569
1585474989570101248,97561290,watchers569
1585474989570101248,1542170039461330945,watchers569
1519313577596768256,2252449614,CarlottaErdman
1519313577596768256,1480647541041643520,CarlottaErdman
1519313577596768256,1479403381982736388,CarlottaErdman
1519313577596768256,1553430326877339648,CarlottaErdman
1519313577596768256,2251105345,CarlottaErdman
1519313577596768256,1594789085129936896,CarlottaErdman
1519313577596768256,128980681,CarlottaErdman
1519313577596768256,2454556261,CarlottaErdman
1519313577596768256,1450939631797628932,CarlottaErdman
1519313577596768256,1487394117244051459,CarlottaErdman
1594412518587437056,1270022309080969219,ChirplineDmz
1594412518587437056,1106351399347073024,ChirplineDmz
1594412518587437056,1590869039567495168,ChirplineDmz
1594412518587437056,880761061649113088,ChirplineDmz
1594412518587437056,1594667902250020865,ChirplineDmz
1594412518587437056,1216899511,ChirplineDmz
1594412518587437056,1162196041137086464,ChirplineDmz
1594412518587437056,1574096740696920065,ChirplineDmz
1594412518587437056,1582557332835385346,ChirplineDmz
1594412518587437056,1597573235511631872,ChirplineDmz
1599015555649847296,1598030105342840839,skstlouis
1226505381565698048,1572399447811969024,JohnSeamans12
1226505381565698048,1524523902126284801,JohnSeamans12
1226505381565698048,1322519039869128705,JohnSeamans12
4761492350,796900847862968320,mrswright406
4761492350,458528964,mrswright406
4761492350,709602354497097728,mrswright406
4761492350,1110180067122909184,mrswright406
4761492350,912719820008894465,mrswright406
4761492350,3029150860,mrswright406
4761492350,1380804076313608194,mrswright406
4761492350,36174825,mrswright406
4761492350,462377594,mrswright406
4761492350,1219094187657908224,mrswright406
1332824029,2794551788,colemanzauner
1332824029,2350983068,colemanzauner
1332824029,3277066848,colemanzauner
1332824029,1064856080,colemanzauner
1332824029,229649476,colemanzauner
1332824029,533902952,colemanzauner
1332824029,1855536534,colemanzauner
1332824029,423832793,colemanzauner
1332824029,433757683,colemanzauner
1332824029,1335364430,colemanzauner
1285348157065498624,1273283292654157824,Christi98684749
1285348157065498624,40161887,Christi98684749
1285348157065498624,440350650,Christi98684749
1285348157065498624,18569359,Christi98684749
1285348157065498624,1289483553709858816,Christi98684749
1285348157065498624,496879912,Christi98684749
1285348157065498624,172187553,Christi98684749
1285348157065498624,1230092419854557186,Christi98684749
1285348157065498624,1278656815,Christi98684749
1371571596255653888,1356684007564533766,SBLodgingCo
1371571596255653888,2400806814,SBLodgingCo
1371571596255653888,863876252,SBLodgingCo
1371571596255653888,111373213,SBLodgingCo
1371571596255653888,1387180537240948739,SBLodgingCo
1371571596255653888,1291089662266601472,SBLodgingCo
1371571596255653888,1336429427828224000,SBLodgingCo
1371571596255653888,1374839136243179524,SBLodgingCo
1371571596255653888,1032772235524759552,SBLodgingCo
1371571596255653888,55568623,SBLodgingCo
1090026759192481793,786821757126729728,CavalryPink
1090026759192481793,33663441,CavalryPink
1090026759192481793,1095796183166005263,CavalryPink
1090026759192481793,1172221926040846339,CavalryPink
1090026759192481793,971156491729285120,CavalryPink
1090026759192481793,1085707335358545920,CavalryPink
1090026759192481793,1103023068279177218,CavalryPink
1090026759192481793,4284309974,CavalryPink
1090026759192481793,827721554804895744,CavalryPink
1090026759192481793,701660312445976577,CavalryPink
957699817408532485,3887026212,PamTheeElf
957699817408532485,1429306579053072392,PamTheeElf
957699817408532485,269673388,PamTheeElf
957699817408532485,1342961585212583939,PamTheeElf
957699817408532485,2689182829,PamTheeElf
957699817408532485,127039123,PamTheeElf
957699817408532485,1003937005561053184,PamTheeElf
957699817408532485,1354460907062099968,PamTheeElf
957699817408532485,304730747,PamTheeElf
957699817408532485,1484231384000606213,PamTheeElf
533902952,789292658975907841,Jmz1983
533902952,911488099355627521,Jmz1983
533902952,3054260620,Jmz1983
533902952,1055645446771822592,Jmz1983
533902952,42366372,Jmz1983
533902952,2280663864,Jmz1983
533902952,1181338749806026752,Jmz1983
533902952,21757774,Jmz1983
533902952,184041822,Jmz1983
533902952,133885507,Jmz1983
1144671339044855811,606774776,yinzercrazyshow
1144671339044855811,366517094,yinzercrazyshow
1144671339044855811,1380213326211395588,yinzercrazyshow
1144671339044855811,1494707636683644931,yinzercrazyshow
1144671339044855811,1509388960753242112,yinzercrazyshow
1144671339044855811,1418734203609432066,yinzercrazyshow
1144671339044855811,243244958,yinzercrazyshow
1144671339044855811,2562447200,yinzercrazyshow
1144671339044855811,755083044,yinzercrazyshow
1144671339044855811,2355580281,yinzercrazyshow
1141458404994682881,1212893126609625088,rinademiriii
1141458404994682881,3771183143,rinademiriii
1141458404994682881,1292627557725151232,rinademiriii
1141458404994682881,804736189257449472,rinademiriii
1141458404994682881,251094991,rinademiriii
1141458404994682881,257061962,rinademiriii
1141458404994682881,1291863746189631495,rinademiriii
1141458404994682881,3224630829,rinademiriii
1141458404994682881,410282970,rinademiriii
1141458404994682881,3092073777,rinademiriii
917815101557747712,1216133292753289216,consp_theor
917815101557747712,815046942,consp_theor
917815101557747712,743589325,consp_theor
917815101557747712,2253414944,consp_theor
917815101557747712,994050170487738368,consp_theor
917815101557747712,509985947,consp_theor
917815101557747712,1341115794,consp_theor
917815101557747712,776510434966966272,consp_theor
917815101557747712,1426069214,consp_theor
917815101557747712,1459924528902008834,consp_theor
1176156151894958080,4753993834,UKR26019148
1176156151894958080,951482241514967040,UKR26019148
1176156151894958080,1105745034585038848,UKR26019148
1176156151894958080,344227543,UKR26019148
1176156151894958080,717027311204306944,UKR26019148
1176156151894958080,4924934931,UKR26019148
1176156151894958080,1164225601114378240,UKR26019148
1176156151894958080,2369768550,UKR26019148
1176156151894958080,205132097,UKR26019148
1176156151894958080,780760008438841344,UKR26019148
1377921304729432064,1548355271138742275,JanekMazurek
1377921304729432064,734102852,JanekMazurek
1377921304729432064,1568077764745465857,JanekMazurek
1377921304729432064,1212910517804601344,JanekMazurek
1377921304729432064,1290708086131429381,JanekMazurek
1377921304729432064,609496904,JanekMazurek
1377921304729432064,22018221,JanekMazurek
1377921304729432064,893555243715317760,JanekMazurek
1377921304729432064,2730345133,JanekMazurek
1377921304729432064,575961198,JanekMazurek
1031664169202925568,2510572458,YulawGabriel
1031664169202925568,1523721840404930564,YulawGabriel
1031664169202925568,1550225369709613056,YulawGabriel
1031664169202925568,1290152461,YulawGabriel
1031664169202925568,81637121,YulawGabriel
1031664169202925568,1530354685957181440,YulawGabriel
1031664169202925568,1467533164155490306,YulawGabriel
1031664169202925568,1459830434,YulawGabriel
1031664169202925568,1511344708362063880,YulawGabriel
1031664169202925568,1544675053983383553,YulawGabriel
1317452576028348416,2794948899,jjkejntwtch
1317452576028348416,1291205000933376000,jjkejntwtch
1317452576028348416,1393074037841141760,jjkejntwtch
1317452576028348416,1498547159100235777,jjkejntwtch
1317452576028348416,1309816773638860801,jjkejntwtch
1317452576028348416,1392991765628653569,jjkejntwtch
1317452576028348416,1184978388899041281,jjkejntwtch
1317452576028348416,1480626343859605517,jjkejntwtch
1317452576028348416,1242787084848504836,jjkejntwtch
1317452576028348416,1355908708371476484,jjkejntwtch
1589735560880754688,1281312250662457345,stallio81899962
1589735560880754688,1576001555316318209,stallio81899962
1589735560880754688,1594108356276404224,stallio81899962
1589735560880754688,1555462058535256065,stallio81899962
1589735560880754688,2820083725,stallio81899962
1589735560880754688,1432602895212421120,stallio81899962
1589735560880754688,1401957070543507466,stallio81899962
1589735560880754688,1570217004786761729,stallio81899962
1589735560880754688,1531703499138150401,stallio81899962
1589735560880754688,1569422299526209540,stallio81899962
57411965,3213969816,beaufast
57411965,3042402394,beaufast
57411965,36095810,beaufast
57411965,1441694921262395392,beaufast
57411965,3126345351,beaufast
57411965,1350669355311263744,beaufast
57411965,1330560400044085249,beaufast
57411965,78105431,beaufast
57411965,2429215874,beaufast
57411965,1241814162,beaufast
1576310318661353474,1493296030342811649,uzzy790123
1576310318661353474,1395744081146519559,uzzy790123
1576310318661353474,1474445106899947522,uzzy790123
1576310318661353474,1563099670900920321,uzzy790123
1576310318661353474,1581357962974711817,uzzy790123
1576310318661353474,1595339462241812481,uzzy790123
1576310318661353474,1588375500870647808,uzzy790123
1576310318661353474,1455925955357143049,uzzy790123
1576310318661353474,175717187,uzzy790123
1576310318661353474,1494708012304502784,uzzy790123
1002326421933469697,3789127632,nourrrrrr_1
1002326421933469697,904791233490550785,nourrrrrr_1
1002326421933469697,1577623158839975939,nourrrrrr_1
1002326421933469697,3624781763,nourrrrrr_1
1002326421933469697,1564433844849315840,nourrrrrr_1
1002326421933469697,1546561739340267522,nourrrrrr_1
1002326421933469697,39126261,nourrrrrr_1
1002326421933469697,795198554209980418,nourrrrrr_1
1002326421933469697,1590534258468061184,nourrrrrr_1
1002326421933469697,1042806710,nourrrrrr_1
